book_id,seg_id,title,seg_url
dad0ad47ed8a4ed18b1d8a2fa94cca43,7f285c1c2a9a403f9d632d6ecb612ef5, 第1章 父子,https://read.qidian.com/chapter/TOxiwmgRNSfffahp3g1tpg2/nULzklzMzHX6ItTi_ILQ7A2
dad0ad47ed8a4ed18b1d8a2fa94cca43,6155041ffb344ffa925f0f59a623d744,第二章 四大学府体系,https://read.qidian.com/chapter/TOxiwmgRNSfffahp3g1tpg2/1uFYjICD80WaGfXRMrUjdw2
dad0ad47ed8a4ed18b1d8a2fa94cca43,590e6681b0e847d99334a97dc12dd838,第3章 万族图册,https://read.qidian.com/chapter/TOxiwmgRNSfffahp3g1tpg2/I5dJx3SRQMLM5j8_3RRvhw2
dad0ad47ed8a4ed18b1d8a2fa94cca43,086ada35ced54df29f68ac81ae61aaea,第4章 开元加速法,https://read.qidian.com/chapter/TOxiwmgRNSfffahp3g1tpg2/TxjVKOPd9_O2uJcMpdsVgA2
dad0ad47ed8a4ed18b1d8a2fa94cca43,cbb5181a62184b2db2b90f1873a66df1,第5章 梦境（元宵节快乐）,https://read.qidian.com/chapter/TOxiwmgRNSfffahp3g1tpg2/AYrzB5auTwqaGfXRMrUjdw2
dad0ad47ed8a4ed18b1d8a2fa94cca43,07c990b21af945ba93d0efcc8f8dd2ac,第6章 铁翼鸟再现（求推荐，求收藏）,https://read.qidian.com/chapter/TOxiwmgRNSfffahp3g1tpg2/feGRLQa_ge22uJcMpdsVgA2
dad0ad47ed8a4ed18b1d8a2fa94cca43,b4a7e3fe659845c280971d3fd9408a23,第7章 书册开启,https://read.qidian.com/chapter/TOxiwmgRNSfffahp3g1tpg2/51Qs2VuLVP3M5j8_3RRvhw2
dad0ad47ed8a4ed18b1d8a2fa94cca43,4d5141572c6248608e6419f7425fc96c,第8章 文明之火,https://read.qidian.com/chapter/TOxiwmgRNSfffahp3g1tpg2/oEq4RMeLrfjgn4SMoDUcDQ2
dad0ad47ed8a4ed18b1d8a2fa94cca43,8f5c591144a34c4ea86c51e158fba63b,第9章 文明学府的手段,https://read.qidian.com/chapter/TOxiwmgRNSfffahp3g1tpg2/ZQDJLcXahtq2uJcMpdsVgA2
dad0ad47ed8a4ed18b1d8a2fa94cca43,950af63f61bf421b86880bb076b68543,第10章 开元四重（求推荐）,https://read.qidian.com/chapter/TOxiwmgRNSfffahp3g1tpg2/5wkxfvaUQqHwrjbX3WA1AA2
dad0ad47ed8a4ed18b1d8a2fa94cca43,30b539b4b92c474aa0d57e69fc7cbba3,第11章 风平浪静,https://read.qidian.com/chapter/TOxiwmgRNSfffahp3g1tpg2/3xNGi4SX7LlMs5iq0oQwLQ2
dad0ad47ed8a4ed18b1d8a2fa94cca43,fe65d87d85cc48bd9c685e4e55c27207, 第12章 引蛇出洞,https://read.qidian.com/chapter/TOxiwmgRNSfffahp3g1tpg2/RvvuClG_X9JOBDFlr9quQA2
dad0ad47ed8a4ed18b1d8a2fa94cca43,2e6bf225e68a433b8975fd9262e83f3c,第13章 不一样的大夏府,https://read.qidian.com/chapter/TOxiwmgRNSfffahp3g1tpg2/Jp7JEn3hI5r4p8iEw--PPw2
dad0ad47ed8a4ed18b1d8a2fa94cca43,9d0e9a6071e647a0badf894ab0c7f183,第14章 行动,https://read.qidian.com/chapter/TOxiwmgRNSfffahp3g1tpg2/c-4KWdFVRDFOBDFlr9quQA2
dad0ad47ed8a4ed18b1d8a2fa94cca43,07182fc7e80448d3b4f55bba13cb4038,第15章 夏龙武,https://read.qidian.com/chapter/TOxiwmgRNSfffahp3g1tpg2/wXC0s6aZEMPM5j8_3RRvhw2
dad0ad47ed8a4ed18b1d8a2fa94cca43,1b0efe4fbe3b485b8ef07fddb5cc8dfb,第16章 战起,https://read.qidian.com/chapter/TOxiwmgRNSfffahp3g1tpg2/hAN8f5aCijnM5j8_3RRvhw2
dad0ad47ed8a4ed18b1d8a2fa94cca43,2cf4fd8f470649519857624bfd928b0b, 第17章 初战,https://read.qidian.com/chapter/TOxiwmgRNSfffahp3g1tpg2/sxI9-pcw7s5OBDFlr9quQA2
dad0ad47ed8a4ed18b1d8a2fa94cca43,331163315bfe4c97b074b498065a5c92,第18章 全军覆没（求收藏，求推荐）,https://read.qidian.com/chapter/TOxiwmgRNSfffahp3g1tpg2/9ngkhswPTrr4p8iEw--PPw2
dad0ad47ed8a4ed18b1d8a2fa94cca43,90cff1eac8694b1b9bdd638907a4c5da,第19章 收获,https://read.qidian.com/chapter/TOxiwmgRNSfffahp3g1tpg2/D3HodsLneKj4p8iEw--PPw2
dad0ad47ed8a4ed18b1d8a2fa94cca43,34e97cba495e42fa8203733e4ebae953, 第20章 领功（大章求推荐）,https://read.qidian.com/chapter/TOxiwmgRNSfffahp3g1tpg2/g9SxuAgd9uBMs5iq0oQwLQ2
dad0ad47ed8a4ed18b1d8a2fa94cca43,9aab7db1553942709d4f1539a63366f8,第21章 满满的恶意,https://read.qidian.com/chapter/TOxiwmgRNSfffahp3g1tpg2/Mpr2FgLtfgv4p8iEw--PPw2
dad0ad47ed8a4ed18b1d8a2fa94cca43,2c3f7f23afc742b9b97ce8f648473bea,第22章 腾空之上,https://read.qidian.com/chapter/TOxiwmgRNSfffahp3g1tpg2/mvf6GkzZc9m2uJcMpdsVgA2
dad0ad47ed8a4ed18b1d8a2fa94cca43,30cd6acd8ba046a1a0933a1ce31ec03d,第23章 你是我的了！（求收藏推荐）,https://read.qidian.com/chapter/TOxiwmgRNSfffahp3g1tpg2/z0GbOOlQbNH4p8iEw--PPw2
dad0ad47ed8a4ed18b1d8a2fa94cca43,ce7a490629d04e5cae7c38e5b6274068,第24章 你太平庸了！（求推荐收藏）,https://read.qidian.com/chapter/TOxiwmgRNSfffahp3g1tpg2/T38rNqT1vsbwrjbX3WA1AA2
dad0ad47ed8a4ed18b1d8a2fa94cca43,8a5c7e8fe3c249c3947e619b25cbfe9c,第25章 开元五重,https://read.qidian.com/chapter/TOxiwmgRNSfffahp3g1tpg2/oOQafC0GWGb6ItTi_ILQ7A2
dad0ad47ed8a4ed18b1d8a2fa94cca43,d203c5b6f2104391b98f81bae2c9c4cf,第26章 学霸在努力,https://read.qidian.com/chapter/TOxiwmgRNSfffahp3g1tpg2/k1xj3UaPgRj6ItTi_ILQ7A2
dad0ad47ed8a4ed18b1d8a2fa94cca43,7fc4c918f10d4fde99ee5bd7d44b2a85,第27章 镇定！,https://read.qidian.com/chapter/TOxiwmgRNSfffahp3g1tpg2/lG8UxBaFTUBp4rPq4Fd4KQ2
dad0ad47ed8a4ed18b1d8a2fa94cca43,591e2ca0eda74d6a9158a03eecb50d02,第28章 努力吧少年！,https://read.qidian.com/chapter/TOxiwmgRNSfffahp3g1tpg2/cIDaN2oa9Hhp4rPq4Fd4KQ2
dad0ad47ed8a4ed18b1d8a2fa94cca43,64751a811a3e4ef090780f6350498914,第29章 举一反三,https://read.qidian.com/chapter/TOxiwmgRNSfffahp3g1tpg2/R4oF7HyqLw9p4rPq4Fd4KQ2
dad0ad47ed8a4ed18b1d8a2fa94cca43,d49282990b3a4dbd849448f3fcfeeeda,第30章 心眼大一点（求推荐）,https://read.qidian.com/chapter/TOxiwmgRNSfffahp3g1tpg2/6zBNnS7AFh9p4rPq4Fd4KQ2
dad0ad47ed8a4ed18b1d8a2fa94cca43,2f4681c6f4e8444fbe4f29e4756e2d17,第31章 三个目标,https://read.qidian.com/chapter/TOxiwmgRNSfffahp3g1tpg2/HjxOdpkEmRb4p8iEw--PPw2
dad0ad47ed8a4ed18b1d8a2fa94cca43,056f43da22094ee7901ff23c5023be82,第32章 人未至名先传,https://read.qidian.com/chapter/TOxiwmgRNSfffahp3g1tpg2/PaMw-oWfxvyaGfXRMrUjdw2
dad0ad47ed8a4ed18b1d8a2fa94cca43,ca233e1b68e04ea2b64194ac26d38aea,第33章 大负翁,https://read.qidian.com/chapter/TOxiwmgRNSfffahp3g1tpg2/rpjliZGxbZLwrjbX3WA1AA2
dad0ad47ed8a4ed18b1d8a2fa94cca43,1c4409f7c7d649b1a39399caeab348fe,第34章 开元八重,https://read.qidian.com/chapter/TOxiwmgRNSfffahp3g1tpg2/J3pzLaGxKNz4p8iEw--PPw2
dad0ad47ed8a4ed18b1d8a2fa94cca43,41e6caddf9fe4e2bb430cea76282971c,第35章 大幕一角,https://read.qidian.com/chapter/TOxiwmgRNSfffahp3g1tpg2/lG9h9yov0ElOBDFlr9quQA2
dad0ad47ed8a4ed18b1d8a2fa94cca43,40e061e48b844c8a8ec6f86c64977853,第36章 风云激荡时,https://read.qidian.com/chapter/TOxiwmgRNSfffahp3g1tpg2/5xeroWw-RL2aGfXRMrUjdw2
dad0ad47ed8a4ed18b1d8a2fa94cca43,1b7fc425373848fbbbd543855eb00eeb,来啊，聊五毛钱的！,https://read.qidian.com/chapter/TOxiwmgRNSfffahp3g1tpg2/832P3fET2lFOBDFlr9quQA2
dad0ad47ed8a4ed18b1d8a2fa94cca43,41e45607096a42c08ff0a7a9ad38087b,第37章 雷元刀,https://read.qidian.com/chapter/TOxiwmgRNSfffahp3g1tpg2/9DQM4RP5tvfwrjbX3WA1AA2
dad0ad47ed8a4ed18b1d8a2fa94cca43,a533c244d5db48329d2c95ea79fa3d19,第38章 快绷不住了！,https://read.qidian.com/chapter/TOxiwmgRNSfffahp3g1tpg2/IEtGvJhicrBp4rPq4Fd4KQ2
dad0ad47ed8a4ed18b1d8a2fa94cca43,d1a09019e6e54edd86105cacbc5c7503,第39章 变化之时,https://read.qidian.com/chapter/TOxiwmgRNSfffahp3g1tpg2/bBnpSujl2d34p8iEw--PPw2
dad0ad47ed8a4ed18b1d8a2fa94cca43,7511a68ee7154d02a5d8d7a08f295aca,第40章 夏侯爷的锅,https://read.qidian.com/chapter/TOxiwmgRNSfffahp3g1tpg2/CivWYdAwEcBp4rPq4Fd4KQ2
dad0ad47ed8a4ed18b1d8a2fa94cca43,60efd6604e2047f28e93980adb758281,第41章 再杀千钧,https://read.qidian.com/chapter/TOxiwmgRNSfffahp3g1tpg2/Kv-SS68wGmT6ItTi_ILQ7A2
dad0ad47ed8a4ed18b1d8a2fa94cca43,77665f67c21b473896a593fc12c9943e, 第42章 同袍,https://read.qidian.com/chapter/TOxiwmgRNSfffahp3g1tpg2/i7NJdR1XeexMs5iq0oQwLQ2
dad0ad47ed8a4ed18b1d8a2fa94cca43,ba3ef10d2ba747faa4ffa59d45ddf5dd,第43章 你不要脸的样子真好看,https://read.qidian.com/chapter/TOxiwmgRNSfffahp3g1tpg2/5G2PNXpjSNb6ItTi_ILQ7A2
dad0ad47ed8a4ed18b1d8a2fa94cca43,a5585d568e50429fabb72d762ff683ae,第44章 无赖当家,https://read.qidian.com/chapter/TOxiwmgRNSfffahp3g1tpg2/RP-J5-EWuExp4rPq4Fd4KQ2
dad0ad47ed8a4ed18b1d8a2fa94cca43,661cc931e6524c12903f6d7d4cf8d9fd, 第45章 考核在即,https://read.qidian.com/chapter/TOxiwmgRNSfffahp3g1tpg2/rDgg1Ej3Xh3gn4SMoDUcDQ2
dad0ad47ed8a4ed18b1d8a2fa94cca43,5789f923ba844f8b907d44e6b31d4e70, 第46章 我意已决！,https://read.qidian.com/chapter/TOxiwmgRNSfffahp3g1tpg2/dvKcRGWthue2uJcMpdsVgA2
dad0ad47ed8a4ed18b1d8a2fa94cca43,af7a1aa4d2cd40608a00374548252bb9,第47章 处处都是坑,https://read.qidian.com/chapter/TOxiwmgRNSfffahp3g1tpg2/zSVwJDmXWOD6ItTi_ILQ7A2
dad0ad47ed8a4ed18b1d8a2fa94cca43,e4006cd0fe344313bdeb0277afa4c157,第48章 不一样的考核,https://read.qidian.com/chapter/TOxiwmgRNSfffahp3g1tpg2/6gNfnmogPS5Ms5iq0oQwLQ2
dad0ad47ed8a4ed18b1d8a2fa94cca43,83b9609a36fb4effaad03137a4ffcaa4,感谢支持，2月份你们最帅！,https://read.qidian.com/chapter/TOxiwmgRNSfffahp3g1tpg2/RqM0j_3fxXpMs5iq0oQwLQ2
dad0ad47ed8a4ed18b1d8a2fa94cca43,92374eeabac947dab2c9d64c5f72856b,第49章 上中下等,https://read.qidian.com/chapter/TOxiwmgRNSfffahp3g1tpg2/WF5syt0ag_7wrjbX3WA1AA2
dad0ad47ed8a4ed18b1d8a2fa94cca43,4597a5feb28f49939b3cfcf1ae2f6e26,第50章 大家真诚一点,https://read.qidian.com/chapter/TOxiwmgRNSfffahp3g1tpg2/IgZR_T0hbdS2uJcMpdsVgA2
dad0ad47ed8a4ed18b1d8a2fa94cca43,93e5983b3dbe4d9f9d43629a7b0ae847,第51章 满分！,https://read.qidian.com/chapter/TOxiwmgRNSfffahp3g1tpg2/dj2nOInVlXBOBDFlr9quQA2
dad0ad47ed8a4ed18b1d8a2fa94cca43,47d924430c2c4c63b6045fabe0327a0b,第52章 不可理喻,https://read.qidian.com/chapter/TOxiwmgRNSfffahp3g1tpg2/w7fUrlur3736ItTi_ILQ7A2
dad0ad47ed8a4ed18b1d8a2fa94cca43,7c0679561445485d95edfd84223078ed,第53章 敌人来了！,https://read.qidian.com/chapter/TOxiwmgRNSfffahp3g1tpg2/8rMebwoYFvPM5j8_3RRvhw2
dad0ad47ed8a4ed18b1d8a2fa94cca43,f71b397cdc86416f9b7e00eae2a94345,第54章 君子动口不动手,https://read.qidian.com/chapter/TOxiwmgRNSfffahp3g1tpg2/EBBTU9FbxBzM5j8_3RRvhw2
dad0ad47ed8a4ed18b1d8a2fa94cca43,577f3ea568bd4aa691dce759f45110df,第55章 善良的人最可爱,https://read.qidian.com/chapter/TOxiwmgRNSfffahp3g1tpg2/1APWFXA4b1dMs5iq0oQwLQ2
dad0ad47ed8a4ed18b1d8a2fa94cca43,ef3f1cf55e954a708524ca584dacf9eb,第56章 怀疑人生,https://read.qidian.com/chapter/TOxiwmgRNSfffahp3g1tpg2/ZmT_ZpfRUoXgn4SMoDUcDQ2
dad0ad47ed8a4ed18b1d8a2fa94cca43,4fdc4c349a9240cfa4336ca3e2c8cbc5,第57章 捡到的不一定就是你的,https://read.qidian.com/chapter/TOxiwmgRNSfffahp3g1tpg2/lPxr2ckmD7WaGfXRMrUjdw2
dad0ad47ed8a4ed18b1d8a2fa94cca43,d3084687aacd44418325543a47c1bc6f, 第58章 各有各的选择（大章求推荐啊）,https://read.qidian.com/chapter/TOxiwmgRNSfffahp3g1tpg2/ABAJEBL4vWbgn4SMoDUcDQ2
dad0ad47ed8a4ed18b1d8a2fa94cca43,97018bdbc92a492195a9f0fb59399bb3,第59章 考核结束,https://read.qidian.com/chapter/TOxiwmgRNSfffahp3g1tpg2/5xcYKd43bM1OBDFlr9quQA2
dad0ad47ed8a4ed18b1d8a2fa94cca43,ecad171049224a6a865a1fc2806948bf,第60章 初识文明学府,https://read.qidian.com/chapter/TOxiwmgRNSfffahp3g1tpg2/bT9Pycg8CA1p4rPq4Fd4KQ2
dad0ad47ed8a4ed18b1d8a2fa94cca43,0ef5f1b61aea4518946c51e79d00d11c, 第61章 千钧修炼功法,https://read.qidian.com/chapter/TOxiwmgRNSfffahp3g1tpg2/RAYdaCCv3kVMs5iq0oQwLQ2
dad0ad47ed8a4ed18b1d8a2fa94cca43,a3a7bf3ff89e48a7a7cdcf42b91d3763,第62章 万族入境,https://read.qidian.com/chapter/TOxiwmgRNSfffahp3g1tpg2/7hZsyfvkPZRMs5iq0oQwLQ2
dad0ad47ed8a4ed18b1d8a2fa94cca43,29bdabe3ee5d4059b5e8513584166c96,第63章 龙潜于渊,https://read.qidian.com/chapter/TOxiwmgRNSfffahp3g1tpg2/0kI5kG7D9cS2uJcMpdsVgA2
dad0ad47ed8a4ed18b1d8a2fa94cca43,09bbf7637ccf40b8ae9340cc6dcc733a, 第64章 操碎了心,https://read.qidian.com/chapter/TOxiwmgRNSfffahp3g1tpg2/OINz5_VFYsngn4SMoDUcDQ2
dad0ad47ed8a4ed18b1d8a2fa94cca43,042f141865fb4a428d9af4a0e2c1c271,第65章 离乡,https://read.qidian.com/chapter/TOxiwmgRNSfffahp3g1tpg2/_JpjfRvXS1vgn4SMoDUcDQ2
dad0ad47ed8a4ed18b1d8a2fa94cca43,3075d762861c438bb673ef808ed6631f,第66章 谁信啊！,https://read.qidian.com/chapter/TOxiwmgRNSfffahp3g1tpg2/BgIMO__pV774p8iEw--PPw2
dad0ad47ed8a4ed18b1d8a2fa94cca43,86723554f0e14bb4b3eeb18cbe6e75a2,第67章 突袭，反杀,https://read.qidian.com/chapter/TOxiwmgRNSfffahp3g1tpg2/gznKkglwISz6ItTi_ILQ7A2
dad0ad47ed8a4ed18b1d8a2fa94cca43,30cdcdf80e0a42618881873ea2901bc5,第68章 我有钱，很强！（大章求推荐）,https://read.qidian.com/chapter/TOxiwmgRNSfffahp3g1tpg2/KCc220R0wTLgn4SMoDUcDQ2
dad0ad47ed8a4ed18b1d8a2fa94cca43,48a327e87db54e46835b6a48117e50c4, 第69章 冷眼看世界,https://read.qidian.com/chapter/TOxiwmgRNSfffahp3g1tpg2/ter_KO3RvXz6ItTi_ILQ7A2
dad0ad47ed8a4ed18b1d8a2fa94cca43,840a229c3a3a4df3a834df98e3fa67f0, 第70章 往死里整,https://read.qidian.com/chapter/TOxiwmgRNSfffahp3g1tpg2/eWtiWtJLCG5Ms5iq0oQwLQ2
dad0ad47ed8a4ed18b1d8a2fa94cca43,8f9fe2c77f384acb8a9859482043a064, 第71章 大夏文明学府,https://read.qidian.com/chapter/TOxiwmgRNSfffahp3g1tpg2/AIM1QjcadmD6ItTi_ILQ7A2
dad0ad47ed8a4ed18b1d8a2fa94cca43,b10097a9a7e54cefaee1e41d5b71dbce,第72章 学府初印象,https://read.qidian.com/chapter/TOxiwmgRNSfffahp3g1tpg2/DuG5qEeedxxp4rPq4Fd4KQ2
dad0ad47ed8a4ed18b1d8a2fa94cca43,3904e72a67ad4338a8b4558f20b5bd2b,第73章 女人都是拦路虎,https://read.qidian.com/chapter/TOxiwmgRNSfffahp3g1tpg2/bCC2lLF2zdHwrjbX3WA1AA2
dad0ad47ed8a4ed18b1d8a2fa94cca43,17ec7baab306480d8386259ddc1952eb, 第74章 缘分让我们相遇,https://read.qidian.com/chapter/TOxiwmgRNSfffahp3g1tpg2/oslu4CmcB91Ms5iq0oQwLQ2
dad0ad47ed8a4ed18b1d8a2fa94cca43,2ea9388838854e38aed7fe7f2a9bd198,第75章 自力更生,https://read.qidian.com/chapter/TOxiwmgRNSfffahp3g1tpg2/L_tMOeyXjt-aGfXRMrUjdw2
dad0ad47ed8a4ed18b1d8a2fa94cca43,c5a87bb8664a4a28afd75f3d87a86e39,第76章 达成协议,https://read.qidian.com/chapter/TOxiwmgRNSfffahp3g1tpg2/iARCc7LCXTe2uJcMpdsVgA2
dad0ad47ed8a4ed18b1d8a2fa94cca43,6f97448bbfd4456c8981727454ed9f3d,第77章 辅修,https://read.qidian.com/chapter/TOxiwmgRNSfffahp3g1tpg2/hX8T_5Ujysm2uJcMpdsVgA2
dad0ad47ed8a4ed18b1d8a2fa94cca43,a84ba91a71524c4287c03013f91ba9dd,第78章 来自师伯的恶意,https://read.qidian.com/chapter/TOxiwmgRNSfffahp3g1tpg2/Rpf-W0-Fyq7M5j8_3RRvhw2
dad0ad47ed8a4ed18b1d8a2fa94cca43,a2007bd300744cbcad51930646d69ed5,第79章 拜师（求推荐）,https://read.qidian.com/chapter/TOxiwmgRNSfffahp3g1tpg2/GLLSE-7BcwzwrjbX3WA1AA2
dad0ad47ed8a4ed18b1d8a2fa94cca43,e3303da0a68e40b79169cd4713759b3f,第80章 多神文融合,https://read.qidian.com/chapter/TOxiwmgRNSfffahp3g1tpg2/ZyZA1TdDb5-aGfXRMrUjdw2
dad0ad47ed8a4ed18b1d8a2fa94cca43,c07a35708cce4ac4861163ba70a6e519,第81章 初进研究中心,https://read.qidian.com/chapter/TOxiwmgRNSfffahp3g1tpg2/F1OX8ca109maGfXRMrUjdw2
dad0ad47ed8a4ed18b1d8a2fa94cca43,cde226169ac5454cb52088f654c05700,第82章 我的极限在哪？,https://read.qidian.com/chapter/TOxiwmgRNSfffahp3g1tpg2/nnYXk6QyIL9OBDFlr9quQA2
dad0ad47ed8a4ed18b1d8a2fa94cca43,c9eaa5e7d2734923b4815c1c8a54c1ea,第83章 你麻烦大了！,https://read.qidian.com/chapter/TOxiwmgRNSfffahp3g1tpg2/zfw9LgxLnCxp4rPq4Fd4KQ2
dad0ad47ed8a4ed18b1d8a2fa94cca43,989c0cdb11c94fe692c075600945befe,第84章 第一之下皆废物,https://read.qidian.com/chapter/TOxiwmgRNSfffahp3g1tpg2/UlEl2CIkT4maGfXRMrUjdw2
dad0ad47ed8a4ed18b1d8a2fa94cca43,c882de0b79f847fba962f4e77a7eb41d,第85章 结仇,https://read.qidian.com/chapter/TOxiwmgRNSfffahp3g1tpg2/LnNEZx5jh9S2uJcMpdsVgA2
dad0ad47ed8a4ed18b1d8a2fa94cca43,7889323c903b4093bb98ce41f2e0a0a0,第86章 天才的世界你不懂,https://read.qidian.com/chapter/TOxiwmgRNSfffahp3g1tpg2/Ap_TV0UGuY7M5j8_3RRvhw2
dad0ad47ed8a4ed18b1d8a2fa94cca43,6bafad039f5c458fb1195e9e67692bd1,上架感言,https://read.qidian.com/chapter/TOxiwmgRNSfffahp3g1tpg2/gSTMi3ugj8_4p8iEw--PPw2
dad0ad47ed8a4ed18b1d8a2fa94cca43,bfe0908a529e4807b4a7d2c5e3268797,第87章 初识刘洪（一更求首订）,https://vipreader.qidian.com/chapter/1018027842/524780090
dad0ad47ed8a4ed18b1d8a2fa94cca43,4512755e6c434c8d9ac71d142fe832b1,第88章 我不可能这么牛！（求订阅）,https://vipreader.qidian.com/chapter/1018027842/524780155
dad0ad47ed8a4ed18b1d8a2fa94cca43,5613745a3ec944e8aeca284b11b7e8c1,第89章 传承下去（三更求月票）,https://vipreader.qidian.com/chapter/1018027842/524780225
dad0ad47ed8a4ed18b1d8a2fa94cca43,b16b32763e354ca6bba979dceb9b280f,第90章 当个好班长（四更求订阅）,https://vipreader.qidian.com/chapter/1018027842/524841402
dad0ad47ed8a4ed18b1d8a2fa94cca43,eafa46bfb1a446f0a608954a28fb8363, 第91章 欺负老实人！（五更求月票）,https://vipreader.qidian.com/chapter/1018027842/524909235
dad0ad47ed8a4ed18b1d8a2fa94cca43,28fcf920c01b4e4cab18b3b0efbd7925,上架后更新时间说明,https://vipreader.qidian.com/chapter/1018027842/524912983
dad0ad47ed8a4ed18b1d8a2fa94cca43,41eb873ab1d54367a5c92dc0845817a4,第92章 神秘意志海（求订阅求月票）,https://vipreader.qidian.com/chapter/1018027842/524997732
dad0ad47ed8a4ed18b1d8a2fa94cca43,bae7cb069b0e4bb6904d307a784fe973,第93章 铸兵（求订阅求月票）,https://vipreader.qidian.com/chapter/1018027842/525036673
dad0ad47ed8a4ed18b1d8a2fa94cca43,ddc5a3b915bf4ef7bfe63c26f036eefe,第94章 我的心渐渐变黑！（两万更求订阅）,https://vipreader.qidian.com/chapter/1018027842/525070576
dad0ad47ed8a4ed18b1d8a2fa94cca43,3204fe3128bb4b6197aceb54b220e6ef,第95章 千钧（求月票求订阅）,https://vipreader.qidian.com/chapter/1018027842/525141534
dad0ad47ed8a4ed18b1d8a2fa94cca43,fcfc10f1617d4cc8863729c9760a8ae5,第96章 图册第二页（二更求订阅月票）,https://vipreader.qidian.com/chapter/1018027842/525174684
dad0ad47ed8a4ed18b1d8a2fa94cca43,a178c22911344046819801361f50bbf0,第97章 和我一样优秀！（万更求订阅月票）,https://vipreader.qidian.com/chapter/1018027842/525208928
dad0ad47ed8a4ed18b1d8a2fa94cca43,065b54b473ef4232a01c8140b267a919,第98章 运气真好？（求订阅月票）,https://vipreader.qidian.com/chapter/1018027842/525292904
dad0ad47ed8a4ed18b1d8a2fa94cca43,f2f35e84062044e985e6d17517bc7337,第99章 “杀”字神文（求月票求订阅）,https://vipreader.qidian.com/chapter/1018027842/525349874
dad0ad47ed8a4ed18b1d8a2fa94cca43,a23be86b40de44bc84ddc6aa95c9cd1a, 第100章 月考，养性（两万更求订阅求月票）,https://vipreader.qidian.com/chapter/1018027842/525388892
dad0ad47ed8a4ed18b1d8a2fa94cca43,4c4804ff45d54631aecea2130bd988c0,第101章 风波（求订阅）,https://vipreader.qidian.com/chapter/1018027842/525501824
dad0ad47ed8a4ed18b1d8a2fa94cca43,bb74e980e18f488aba6121860fac391e, 第102章 千头万绪（求订阅求月票）,https://vipreader.qidian.com/chapter/1018027842/525560655
dad0ad47ed8a4ed18b1d8a2fa94cca43,56b7a1d59dad4e21abbc73ec8aec9e80,第103章 一击必杀！（二合一大章，9000字求订阅）,https://vipreader.qidian.com/chapter/1018027842/525612926
dad0ad47ed8a4ed18b1d8a2fa94cca43,e4ef8a7bead445e5a467c1aab7766008,第104章 笨蛋太多（求订阅）,https://vipreader.qidian.com/chapter/1018027842/525734220
dad0ad47ed8a4ed18b1d8a2fa94cca43,3dfda4e98dc24f5f9deeef7aceadae47,第105章 给你们上一课（求月票，求订阅）,https://vipreader.qidian.com/chapter/1018027842/525799969
dad0ad47ed8a4ed18b1d8a2fa94cca43,f91c1fa5c9194558a6f141989a76a17c,第106章 攻杀之道！（万更求订阅月票）,https://vipreader.qidian.com/chapter/1018027842/525868455
dad0ad47ed8a4ed18b1d8a2fa94cca43,9a90a5a0d31b45b6b070ee3a532f4262,第107章 神文战技（求订阅）,https://vipreader.qidian.com/chapter/1018027842/525965040
dad0ad47ed8a4ed18b1d8a2fa94cca43,740a88b36cfa452991e83cfee915b1b7,第108章 两个9！（求订阅，求月票，求推荐，求一切）,https://vipreader.qidian.com/chapter/1018027842/526041445
dad0ad47ed8a4ed18b1d8a2fa94cca43,1ee63b3be94447c9961067cbb3d201da, 第109章 不可深究（两万更求订阅）,https://vipreader.qidian.com/chapter/1018027842/526099274
dad0ad47ed8a4ed18b1d8a2fa94cca43,08a5088cd2494ace918c9cd81300f808, 第110章 神文排斥（求订阅）,https://vipreader.qidian.com/chapter/1018027842/526203187
dad0ad47ed8a4ed18b1d8a2fa94cca43,4cd4d0a1321d4481a12b30f262122002,第111章 关押区（求订阅）,https://vipreader.qidian.com/chapter/1018027842/526325928
dad0ad47ed8a4ed18b1d8a2fa94cca43,7b7b16985e9d46258c247d75fe1df7f0,第112章 高级班见闻录（万更求订阅）,https://vipreader.qidian.com/chapter/1018027842/526389442
dad0ad47ed8a4ed18b1d8a2fa94cca43,8651ca3a6d8c434a95ac2d30875a6245,第113章 我可能低调不下去了（求订阅）,https://vipreader.qidian.com/chapter/1018027842/526476491
dad0ad47ed8a4ed18b1d8a2fa94cca43,1f3ceb82ca48400db9211e1dab2dd3bb,第114章 千钧四重,https://vipreader.qidian.com/chapter/1018027842/526514164
dad0ad47ed8a4ed18b1d8a2fa94cca43,602c987509af4b93aebb9eaf68076cb1,第115章 文明学府欢乐多（两万更求订阅）,https://vipreader.qidian.com/chapter/1018027842/526547678
dad0ad47ed8a4ed18b1d8a2fa94cca43,3fed2b84195b4b118224687f87c51d0e,第116章 都是有计划的人（求订阅）,https://vipreader.qidian.com/chapter/1018027842/526619345
dad0ad47ed8a4ed18b1d8a2fa94cca43,e9c9d32893cd4b8d99b171ddda5174f8,第117章 老实人苏宇（感谢狂野的小男孩白银盟打赏）,https://vipreader.qidian.com/chapter/1018027842/526658419
dad0ad47ed8a4ed18b1d8a2fa94cca43,3e80dc40986b4ac1a6f5a1834374f109,第118章 大智若愚（两万更求订阅）,https://vipreader.qidian.com/chapter/1018027842/526689068
dad0ad47ed8a4ed18b1d8a2fa94cca43,354a97bfcb7b4f55959e2319ca135d51,第119章 演戏要当真（求月票，求订阅）,https://vipreader.qidian.com/chapter/1018027842/526785761
dad0ad47ed8a4ed18b1d8a2fa94cca43,a22c6e132277422aac6c3e8a6c6b74b3,第120章 谨慎为王（求月票，打前十）,https://vipreader.qidian.com/chapter/1018027842/526859244
dad0ad47ed8a4ed18b1d8a2fa94cca43,d3cfc138b1de4b5fb8075ed44b5aea2b,第121章 老师，锤我！（求订阅，求月票）,https://vipreader.qidian.com/chapter/1018027842/526921322
dad0ad47ed8a4ed18b1d8a2fa94cca43,0c76c172b37e40c2bd130942da21720c,第122章 到底多少点？（求月票，前十进不去了）,https://vipreader.qidian.com/chapter/1018027842/527081951
dad0ad47ed8a4ed18b1d8a2fa94cca43,bad10eadcde54ed0835e98e6447c77d1,第123章 交战（求月票，求订阅）,https://vipreader.qidian.com/chapter/1018027842/527148023
dad0ad47ed8a4ed18b1d8a2fa94cca43,da437abaa038491098a4e72deb1cd2eb,第124章 看者伤心，闻者流泪（两万更求月票）,https://vipreader.qidian.com/chapter/1018027842/527223877
dad0ad47ed8a4ed18b1d8a2fa94cca43,c873e257bb0641b58ff3513e057a1d4b,3月结束，4月再战！,https://vipreader.qidian.com/chapter/1018027842/527245451
dad0ad47ed8a4ed18b1d8a2fa94cca43,594b687e3794466991a8640a4eeb998e,第125章 交易（月初求月票）,https://vipreader.qidian.com/chapter/1018027842/527360999
dad0ad47ed8a4ed18b1d8a2fa94cca43,d23efadfe5ed4b6b87d522f7626ec601,第126章 坑太多（求月票）,https://vipreader.qidian.com/chapter/1018027842/527463118
dad0ad47ed8a4ed18b1d8a2fa94cca43,feeaee50a18943bb8dfd31dd77a373e3,第127章 赢的人都憋屈（两万更求订阅月票）,https://vipreader.qidian.com/chapter/1018027842/527519436
dad0ad47ed8a4ed18b1d8a2fa94cca43,d9d049a6d7004e35823362bcf90507da,第128章 斗智斗勇（求月票，求订阅）,https://vipreader.qidian.com/chapter/1018027842/527595152
dad0ad47ed8a4ed18b1d8a2fa94cca43,ec17b8c7c3e641e4ae572cef7d223efb,第129章 死的好惨！（万更求订阅月票）,https://vipreader.qidian.com/chapter/1018027842/527790074
dad0ad47ed8a4ed18b1d8a2fa94cca43,10b97f4de67c4517a80626393cf175e8,第130章 健忘的苏宇（求月票，求订阅）,https://vipreader.qidian.com/chapter/1018027842/527950160
dad0ad47ed8a4ed18b1d8a2fa94cca43,fef5721bdc234204b261388a037e41a9,第131章 天阶武技（求订阅月票）,https://vipreader.qidian.com/chapter/1018027842/528060718
dad0ad47ed8a4ed18b1d8a2fa94cca43,b59476754405445091db612ee41f6ddb, 第132章 三入秘境（万更求订阅月票）,https://vipreader.qidian.com/chapter/1018027842/528151835
dad0ad47ed8a4ed18b1d8a2fa94cca43,1fea902b93414bff9ba9e6e06a25719c,第133章 薅学府羊毛,https://vipreader.qidian.com/chapter/1018027842/528278636
dad0ad47ed8a4ed18b1d8a2fa94cca43,92c21c312514459fa2e9a6f3fb8b7cf0,第134章 出关（求订阅月票）,https://vipreader.qidian.com/chapter/1018027842/528331643
dad0ad47ed8a4ed18b1d8a2fa94cca43,3da9a1b147aa47eda2187c5dda634bf4, 第135章 恍恍惚惚（万更求订阅）,https://vipreader.qidian.com/chapter/1018027842/528394974
dad0ad47ed8a4ed18b1d8a2fa94cca43,ba007661065b40898f7477c7233e36ba,第136章 真万石假万石（求订阅求月票）,https://vipreader.qidian.com/chapter/1018027842/528517190
dad0ad47ed8a4ed18b1d8a2fa94cca43,d41794b4571d48288c23acc86d4b1736, 第137章 真香！（求订阅，求月票）,https://vipreader.qidian.com/chapter/1018027842/528573991
dad0ad47ed8a4ed18b1d8a2fa94cca43,d3d54d17874a4fc7b6082326fa5e89d5,第138章 煽风点火（万更求订阅）,https://vipreader.qidian.com/chapter/1018027842/528631677
dad0ad47ed8a4ed18b1d8a2fa94cca43,ac8677a41796462cbe9cc6113d2837ba,第139章 恐怖生物！（求月票订阅）,https://vipreader.qidian.com/chapter/1018027842/528727466
dad0ad47ed8a4ed18b1d8a2fa94cca43,7666fe73be974b2097f94d6a1b70c7bb,第140章 大戏开幕（求订阅求月票）,https://vipreader.qidian.com/chapter/1018027842/528762300
dad0ad47ed8a4ed18b1d8a2fa94cca43,c5f8ea5d52324223a68ec71f7fbe35bd, 第141章 神文大赛（万更求订阅月票）,https://vipreader.qidian.com/chapter/1018027842/528795769
dad0ad47ed8a4ed18b1d8a2fa94cca43,7db96ff9e3384dd4a3deba5b9d978c71,第142章 风火山林,https://vipreader.qidian.com/chapter/1018027842/528880487
dad0ad47ed8a4ed18b1d8a2fa94cca43,8b95f8185e5846bd824d6cc700de9178, 第143章 前十,https://vipreader.qidian.com/chapter/1018027842/528939422
dad0ad47ed8a4ed18b1d8a2fa94cca43,2322409bbefb4271bf9d9893c00b0f50,第144章 并立第二（万更求订阅）,https://vipreader.qidian.com/chapter/1018027842/529048491
dad0ad47ed8a4ed18b1d8a2fa94cca43,59962ae1dc514015bcf95180d289c263,第145章 武技到手（求订阅）,https://vipreader.qidian.com/chapter/1018027842/529163274
dad0ad47ed8a4ed18b1d8a2fa94cca43,e260b1b9c85c42878001dd2949abbb1e,第146章 苏宇的打算（求订阅求月票）,https://vipreader.qidian.com/chapter/1018027842/529232182
dad0ad47ed8a4ed18b1d8a2fa94cca43,9d90348034934eee95483dafaba24bec, 第147章 破山海，镇日月，战无敌（两万更求订阅）,https://vipreader.qidian.com/chapter/1018027842/529314337
dad0ad47ed8a4ed18b1d8a2fa94cca43,b3f46736b3eb41c7b870512b5f91aa01, 第148章 风暴前夕,https://vipreader.qidian.com/chapter/1018027842/529414108
dad0ad47ed8a4ed18b1d8a2fa94cca43,599d0267ca3742c48ff40e1a40cb9930,第149章 秘境又关门（求订阅月票）,https://vipreader.qidian.com/chapter/1018027842/529480890
dad0ad47ed8a4ed18b1d8a2fa94cca43,7f8733e8630a45fb9f38bbedbaf4efa2, 第150章 五行文诀（两万更求订阅月票）,https://vipreader.qidian.com/chapter/1018027842/529553298
dad0ad47ed8a4ed18b1d8a2fa94cca43,0483ea93f1c04c00a606a2098abde062, 第151章 百强擂台（求订阅月票）,https://vipreader.qidian.com/chapter/1018027842/529662826
dad0ad47ed8a4ed18b1d8a2fa94cca43,0a125784632c4d609c991152ad037764,第152章 百强起风云,https://vipreader.qidian.com/chapter/1018027842/529730230
dad0ad47ed8a4ed18b1d8a2fa94cca43,ed163a81535b457381c70a291ddb6ce9, 第153章 击溃！（万字大章，不断章，求订阅）,https://vipreader.qidian.com/chapter/1018027842/529805223
dad0ad47ed8a4ed18b1d8a2fa94cca43,2a8fb18a01fc4243a357a49db49016f6, 第154章 350届的妖孽们（求月票）,https://vipreader.qidian.com/chapter/1018027842/529936742
dad0ad47ed8a4ed18b1d8a2fa94cca43,004e74acc7894095935da751693dd224,第155章 未来一角（求月票求订阅）,https://vipreader.qidian.com/chapter/1018027842/529999091
dad0ad47ed8a4ed18b1d8a2fa94cca43,2105168e331d4d1781ea29669d732aac, 第156章 师父真厉害！（两万更求订阅求月票）,https://vipreader.qidian.com/chapter/1018027842/530041606
dad0ad47ed8a4ed18b1d8a2fa94cca43,39bf338b73a64e608fb46585019dffd0,第157章 天赋神文,https://vipreader.qidian.com/chapter/1018027842/530141004
dad0ad47ed8a4ed18b1d8a2fa94cca43,70dc0e1f0751424a8a6dca31f3ec1858,第158章 红人（求月票求订阅）,https://vipreader.qidian.com/chapter/1018027842/530194472
dad0ad47ed8a4ed18b1d8a2fa94cca43,bdf52bc8a3fa441289a2d64c609918fc,第159章 书中自有千般计（万更求订阅）,https://vipreader.qidian.com/chapter/1018027842/530231644
dad0ad47ed8a4ed18b1d8a2fa94cca43,22c72aae2a524152bbcae37ad43de49a,第160章 我要披马甲（求订阅）,https://vipreader.qidian.com/chapter/1018027842/530311276
dad0ad47ed8a4ed18b1d8a2fa94cca43,f0f3fd8ff01c4783b1c06e9ce32ac08f,第161章 大戏开幕（大章求订阅）,https://vipreader.qidian.com/chapter/1018027842/530368899
dad0ad47ed8a4ed18b1d8a2fa94cca43,cf6d5d88dd2646f59a583c22d6eb6fa0,第162章 规则是个好东西（两万更求订阅）,https://vipreader.qidian.com/chapter/1018027842/530411436
dad0ad47ed8a4ed18b1d8a2fa94cca43,8023df57c3de41d39c6570e09e3e298d, 第163章 唇枪舌剑亦可杀人（求订阅）,https://vipreader.qidian.com/chapter/1018027842/530539680
dad0ad47ed8a4ed18b1d8a2fa94cca43,6d6affc38cf1469f957c196a2f7e765b, 第164章 知道的越多，死的越快（求订阅月票）,https://vipreader.qidian.com/chapter/1018027842/530606720
dad0ad47ed8a4ed18b1d8a2fa94cca43,18bc879fe65d431dad693821bb16ac34,第165章 回归途中（感谢幻羽大佬再次成为黄金总盟）,https://vipreader.qidian.com/chapter/1018027842/530694268
dad0ad47ed8a4ed18b1d8a2fa94cca43,c21bb46bba354db1a539239d1b0adbb3, 第166章 麻烦渐至（感谢飞翔家八戒大佬白银打赏）,https://vipreader.qidian.com/chapter/1018027842/530957681
dad0ad47ed8a4ed18b1d8a2fa94cca43,aab0c7b5635442bc856f91e70747e56f,第167章 师祖在路上（求订阅求月票）,https://vipreader.qidian.com/chapter/1018027842/531109769
dad0ad47ed8a4ed18b1d8a2fa94cca43,fc5bc95b201947f88fbcbb33124e89d7,第168章 壮大的互助会（万更求订阅）,https://vipreader.qidian.com/chapter/1018027842/531228197
dad0ad47ed8a4ed18b1d8a2fa94cca43,43bb07f9b86349f786e7f9717388bebd,第169章 就硬要！（求订阅）,https://vipreader.qidian.com/chapter/1018027842/531486648
dad0ad47ed8a4ed18b1d8a2fa94cca43,0df794543c8b4a3cba01d45a9c4aedd3, 第170章 强悍的扩神诀（求订阅）,https://vipreader.qidian.com/chapter/1018027842/531547497
dad0ad47ed8a4ed18b1d8a2fa94cca43,54ea8f3550104e8da886d9ece9bbfe33, 第171章 柳文彦回归（万更求订阅）,https://vipreader.qidian.com/chapter/1018027842/531619774
dad0ad47ed8a4ed18b1d8a2fa94cca43,2f8973bfbbc14214a17dc7b92a42c2ef,第172章 白枫跑了（求订阅）,https://vipreader.qidian.com/chapter/1018027842/531714336
dad0ad47ed8a4ed18b1d8a2fa94cca43,c4fa6e1cc44d417b8a5afe3b0604c08f,第173章 多个“朋友”多条路（求订阅月票）,https://vipreader.qidian.com/chapter/1018027842/531779763
dad0ad47ed8a4ed18b1d8a2fa94cca43,89e32d246c28407f814adfb94ba94542,第174章 都是惹事的主（万更求订阅）,https://vipreader.qidian.com/chapter/1018027842/531837230
dad0ad47ed8a4ed18b1d8a2fa94cca43,de453e8797814bc1b39558f096e2f5c9, 第175章 强大的苏宇！（求月票）,https://vipreader.qidian.com/chapter/1018027842/531913282
dad0ad47ed8a4ed18b1d8a2fa94cca43,c49a92ae912e4c90a04d57d188ea1c63,第176章 初见夏玉文（求月票）,https://vipreader.qidian.com/chapter/1018027842/531950111
dad0ad47ed8a4ed18b1d8a2fa94cca43,1a2ed38f119045269ec256233f455540,第177章 我苏宇，输得起！（万更求订阅）,https://vipreader.qidian.com/chapter/1018027842/531984554
dad0ad47ed8a4ed18b1d8a2fa94cca43,4ede12d31b2a4ddfb9df8c6fb66682c1,第178章 人体窍穴,https://vipreader.qidian.com/chapter/1018027842/532059701
dad0ad47ed8a4ed18b1d8a2fa94cca43,c0dbb5ab6ec24a52a024d0fceaacd6b6, 第179章 正大光明地资敌（求月票）,https://vipreader.qidian.com/chapter/1018027842/532090883
dad0ad47ed8a4ed18b1d8a2fa94cca43,95626bfff05846beaa9799617f5cddc3,第180章 只要胆子大，文明学府就是我的（万更求订阅月票）,https://vipreader.qidian.com/chapter/1018027842/532124940
dad0ad47ed8a4ed18b1d8a2fa94cca43,26269a566288404fbd639674babfb925, 第181章 天才白枫（求月票求订阅）,https://vipreader.qidian.com/chapter/1018027842/532205649
dad0ad47ed8a4ed18b1d8a2fa94cca43,79bab5a2ee4647858ce0daa1efc56907, 第182章 我的剑很多！（感谢狂野的小男孩大佬再次白银）,https://vipreader.qidian.com/chapter/1018027842/532267802
dad0ad47ed8a4ed18b1d8a2fa94cca43,c8c179332baa42339db859546596f30c, 第183章 陆续归来（万更求订阅）,https://vipreader.qidian.com/chapter/1018027842/532318194
dad0ad47ed8a4ed18b1d8a2fa94cca43,857f505d3fb8455fadcbb7d552c5142c,第184章 变故丛生（迟了点，抱歉）,https://vipreader.qidian.com/chapter/1018027842/532431402
dad0ad47ed8a4ed18b1d8a2fa94cca43,2af7c5201a5b407d9dd637cee30f84be,第185章 浑水摸鱼（求订阅月票）,https://vipreader.qidian.com/chapter/1018027842/532468192
dad0ad47ed8a4ed18b1d8a2fa94cca43,d788773a1a28472c9096a73e43647c09,第186章 非圣既伪（万更求订阅月票）,https://vipreader.qidian.com/chapter/1018027842/532512709
dad0ad47ed8a4ed18b1d8a2fa94cca43,e42aeebd61384ff792b4e50765e5d07b, 第187章 师徒（求月票订阅）,https://vipreader.qidian.com/chapter/1018027842/532649712
dad0ad47ed8a4ed18b1d8a2fa94cca43,0e76dadb5b74468f818b5113bfa2be23, 第188章 有其师必有其徒（求月票订阅）,https://vipreader.qidian.com/chapter/1018027842/532750814
dad0ad47ed8a4ed18b1d8a2fa94cca43,9a4e9e24d1f040bf95a17757a6f5e289,第189章 夏柳之谈（万更求订阅）,https://vipreader.qidian.com/chapter/1018027842/532826283
dad0ad47ed8a4ed18b1d8a2fa94cca43,03a2f400034e49d9b8f485de23f16280,第190章 多神文系小课堂（求订阅月票）,https://vipreader.qidian.com/chapter/1018027842/532979067
dad0ad47ed8a4ed18b1d8a2fa94cca43,6ff74739621844308eb403266b5ca050,第191章 阁老会议（求订阅月票）,https://vipreader.qidian.com/chapter/1018027842/533035824
dad0ad47ed8a4ed18b1d8a2fa94cca43,d6e3e1d98a9b487aa403c92d273b62c7, 第192章 苏宇见小二（万更求订阅）,https://vipreader.qidian.com/chapter/1018027842/533082171
dad0ad47ed8a4ed18b1d8a2fa94cca43,60f983de87674b24aa3a90e6000b3fdc,第193章 传功（求月票订阅）,https://vipreader.qidian.com/chapter/1018027842/533177598
dad0ad47ed8a4ed18b1d8a2fa94cca43,f390cdd5add7456ca553c0eea9a7d9d7,第194章 谣言动人心（求订阅月票）,https://vipreader.qidian.com/chapter/1018027842/533267957
dad0ad47ed8a4ed18b1d8a2fa94cca43,c798c76408524d239517dc868762c8b4,第195章 师伯（万更求订阅）,https://vipreader.qidian.com/chapter/1018027842/533342923
dad0ad47ed8a4ed18b1d8a2fa94cca43,425a41c668a54cc8abd6753a03cca737,第196章 心要狠（求订阅月票）,https://vipreader.qidian.com/chapter/1018027842/533459100
dad0ad47ed8a4ed18b1d8a2fa94cca43,592f8ef45d6f4782967e64f4312e2be0,第197章 出关，巧遇，互相恶心（求订阅月票）,https://vipreader.qidian.com/chapter/1018027842/533489649
dad0ad47ed8a4ed18b1d8a2fa94cca43,a153e09514fa4d1eaf8a23ceb093bc3b,第198章 最后一人（万更求订阅）,https://vipreader.qidian.com/chapter/1018027842/533528197
dad0ad47ed8a4ed18b1d8a2fa94cca43,b1c60d6661d0400c90e60433ffcfc6c6,第199章 真惨！（求订阅月票）,https://vipreader.qidian.com/chapter/1018027842/533612348
dad0ad47ed8a4ed18b1d8a2fa94cca43,0ce086954d484bd488d2280691412361,第200章 组队成功（求订阅月票）,https://vipreader.qidian.com/chapter/1018027842/533686531
dad0ad47ed8a4ed18b1d8a2fa94cca43,dfc9161009024194992fd88c27dede54,第201章 靠谱的刘洪,https://vipreader.qidian.com/chapter/1018027842/533819660
dad0ad47ed8a4ed18b1d8a2fa94cca43,35b99fe05cee4b988293008780915aaa,第202章 疯狂苏宇（求订阅月票）,https://vipreader.qidian.com/chapter/1018027842/533859240
dad0ad47ed8a4ed18b1d8a2fa94cca43,2ff9e64c90a8415995c1932a3c92c095,第203章 强势击溃！（我努力码字加更，真男人不怕）,https://vipreader.qidian.com/chapter/1018027842/533892284
dad0ad47ed8a4ed18b1d8a2fa94cca43,dc42945420444118a91ea0695cb69721,第204章 夺冠（求双倍月票，12点后双倍）,https://vipreader.qidian.com/chapter/1018027842/533926700
dad0ad47ed8a4ed18b1d8a2fa94cca43,1c8f9d4fe711428cbc93007493df98bb,第205章 一代更比一代黑（求订阅月票）,https://vipreader.qidian.com/chapter/1018027842/533985834
dad0ad47ed8a4ed18b1d8a2fa94cca43,5425ff6e370a4f63b022344eabd2f04f,第206章 初见万天圣（求订阅月票）,https://vipreader.qidian.com/chapter/1018027842/534049405
dad0ad47ed8a4ed18b1d8a2fa94cca43,1c25cb39f2934ef09fb37ef0b53f37a1, 第207章 我懂了！（万更求订阅）,https://vipreader.qidian.com/chapter/1018027842/534095150
dad0ad47ed8a4ed18b1d8a2fa94cca43,12f76d8201ab49bf806db7605504821f,第208章 愚蠢的小朋友（求订阅月票）,https://vipreader.qidian.com/chapter/1018027842/534194406
dad0ad47ed8a4ed18b1d8a2fa94cca43,6d790c013c724f0ea034c7d267a9bb74,第209章 我徒有无敌之姿（求订阅月票）,https://vipreader.qidian.com/chapter/1018027842/534234906
dad0ad47ed8a4ed18b1d8a2fa94cca43,3b4725624ad2445389011dafd8ab1c1f, 第210章 憨憨进府（万更求订阅）,https://vipreader.qidian.com/chapter/1018027842/534299606
dad0ad47ed8a4ed18b1d8a2fa94cca43,fee67dd2190b4a99a3f7fa3b095093c4,第211章 记性不好（月初求保底月票）,https://vipreader.qidian.com/chapter/1018027842/534750774
dad0ad47ed8a4ed18b1d8a2fa94cca43,477a42a7613c42e5819c757404ad0d50,第212章 入秘境（求双倍月票）,https://vipreader.qidian.com/chapter/1018027842/534922903
dad0ad47ed8a4ed18b1d8a2fa94cca43,855dd02f0b664e50b41c4a06bb5537e6,第213章 打一枪换一炮（万更求月票订阅）,https://vipreader.qidian.com/chapter/1018027842/534950674
dad0ad47ed8a4ed18b1d8a2fa94cca43,e5e9c76f2d4e44f38c6352559bd359b8, 第214章 无巧不成书（求双倍月票）,https://vipreader.qidian.com/chapter/1018027842/535025820
dad0ad47ed8a4ed18b1d8a2fa94cca43,3276b45be8b64db48ff25232e302bc9d,第215章 师祖我挡挡挡！（求双倍月票）,https://vipreader.qidian.com/chapter/1018027842/535057400
dad0ad47ed8a4ed18b1d8a2fa94cca43,7f11a31e206c4204ab4aa303e6e6e241,第216章 秘境炸了（万更求订阅月票）,https://vipreader.qidian.com/chapter/1018027842/535088856
dad0ad47ed8a4ed18b1d8a2fa94cca43,823373d43317492281b6682c9fa0ca68,第217章 重担在身（求月票）,https://vipreader.qidian.com/chapter/1018027842/535158170
dad0ad47ed8a4ed18b1d8a2fa94cca43,7d34c72fd33948c7b0ddbe59fb0121ef,第218章 离别（求订阅月票）,https://vipreader.qidian.com/chapter/1018027842/535188142
dad0ad47ed8a4ed18b1d8a2fa94cca43,afe5cb33cabe4b23b2e41dbabfac6592,第219章 人无伤虎意，虎有害人心（万更求月票）,https://vipreader.qidian.com/chapter/1018027842/535216754
dad0ad47ed8a4ed18b1d8a2fa94cca43,80b3bfbae8604e6db844847970ba8e4c,第220章 磨刀不误砍柴工（求月票）,https://vipreader.qidian.com/chapter/1018027842/535290011
dad0ad47ed8a4ed18b1d8a2fa94cca43,283dd312abbf420bbaadfc70dd7e5225, 第221章 元神窍（求月票）,https://vipreader.qidian.com/chapter/1018027842/535318437
dad0ad47ed8a4ed18b1d8a2fa94cca43,1778df02a3674d5ab8b21464ac47b279,第222章 负债累累（万更求订阅）,https://vipreader.qidian.com/chapter/1018027842/535349268
dad0ad47ed8a4ed18b1d8a2fa94cca43,d2da7aa6062a4263a0e73093942293d9,第223章 我不坑朋友（求月票订阅）,https://vipreader.qidian.com/chapter/1018027842/535416618
dad0ad47ed8a4ed18b1d8a2fa94cca43,04f5b72fe81e42b6b8109fd69dbfc139,第224章 正大光明地离开（求订阅月票）,https://vipreader.qidian.com/chapter/1018027842/535448069
dad0ad47ed8a4ed18b1d8a2fa94cca43,1e280d5b8c7344aa9094941303fc7160, 第225章 收服（万更求月票）,https://vipreader.qidian.com/chapter/1018027842/535485426
dad0ad47ed8a4ed18b1d8a2fa94cca43,5d94669572954da09a8fec9fa1553d5b,第226章 天才惹人眼（求月票订阅）,https://vipreader.qidian.com/chapter/1018027842/535563080
dad0ad47ed8a4ed18b1d8a2fa94cca43,7c9d8f00e27541c0a15249dc16bee43f,第227章 记忆碎片（求月票订阅）,https://vipreader.qidian.com/chapter/1018027842/535623393
dad0ad47ed8a4ed18b1d8a2fa94cca43,e185637200674133ab264d356f51fe9e, 第228章 斩腾空（万更求订阅）,https://vipreader.qidian.com/chapter/1018027842/535697529
dad0ad47ed8a4ed18b1d8a2fa94cca43,0b60a0d3159349b3ae1bf9a54720309e, 第229章 赚钱很简单（求月票订阅）,https://vipreader.qidian.com/chapter/1018027842/535782060
dad0ad47ed8a4ed18b1d8a2fa94cca43,492038f7de0043d2b8fb5dcdbea657fb,第230章 《双吴合窍法》（求月票订阅）,https://vipreader.qidian.com/chapter/1018027842/535854413
dad0ad47ed8a4ed18b1d8a2fa94cca43,784a9b7d250d4f98bb39ed3875fe8101,第231章 一套又一套（万更求订阅）,https://vipreader.qidian.com/chapter/1018027842/535898883
dad0ad47ed8a4ed18b1d8a2fa94cca43,043240ba854c46e392b932744137d0ee,第232章 功法成（求月票订阅）,https://vipreader.qidian.com/chapter/1018027842/535972155
dad0ad47ed8a4ed18b1d8a2fa94cca43,607c8bfdc9354748a96b52c32b87542b,第233章 天才研究员（求月票订阅）,https://vipreader.qidian.com/chapter/1018027842/535999568
dad0ad47ed8a4ed18b1d8a2fa94cca43,1b48a51063084bc080415a482c242413,第234章 我知道你的秘密（万更求订阅）,https://vipreader.qidian.com/chapter/1018027842/536046005
dad0ad47ed8a4ed18b1d8a2fa94cca43,1e2b14eb84e7491e9e50ffb0f130c6a5,第235章 风波（求月票订阅）,https://vipreader.qidian.com/chapter/1018027842/536114560
dad0ad47ed8a4ed18b1d8a2fa94cca43,b2519c64b0054f8faae701d64a46e441,第236章 文明学府的变化（求月票订阅）,https://vipreader.qidian.com/chapter/1018027842/536162734
dad0ad47ed8a4ed18b1d8a2fa94cca43,d834d067aac942f88a468cc856c7cd63, 第237章 出关，暗示（万更求订阅）,https://vipreader.qidian.com/chapter/1018027842/536203198
dad0ad47ed8a4ed18b1d8a2fa94cca43,0903f0cec31b40efb3fa345bc9a64f51,第238章 试探（求订阅月票）,https://vipreader.qidian.com/chapter/1018027842/536282101
dad0ad47ed8a4ed18b1d8a2fa94cca43,13bef1412ce44fa48cdce5977a9204e8,第239章 庆典日百强宴（求月票订阅）,https://vipreader.qidian.com/chapter/1018027842/536306267
dad0ad47ed8a4ed18b1d8a2fa94cca43,9fbc373957ed4d83ba1b877526a64d4d,第240章 我意已决，杀翟峰！（万更求订阅）,https://vipreader.qidian.com/chapter/1018027842/536336344
dad0ad47ed8a4ed18b1d8a2fa94cca43,fa8f6be0d5ee4d87985f0c6df5142548,迟点更新,https://vipreader.qidian.com/chapter/1018027842/536396384
dad0ad47ed8a4ed18b1d8a2fa94cca43,74e7776ac63043128459f68592d9d11d, 第241章 断你脊梁！（求订阅月票）,https://vipreader.qidian.com/chapter/1018027842/536437326
dad0ad47ed8a4ed18b1d8a2fa94cca43,0a64f7e6f8a64efdbe9b92fa84268aba,第242章 夜太冷（求月票订阅）,https://vipreader.qidian.com/chapter/1018027842/536475045
dad0ad47ed8a4ed18b1d8a2fa94cca43,66f3e260046048a389c03c36db671eb4,第243章 重视（万更求订阅）,https://vipreader.qidian.com/chapter/1018027842/536504912
dad0ad47ed8a4ed18b1d8a2fa94cca43,7d5b842e15df4a52ba93823a103e8aba,第244章 咸鱼大明府（求订阅）,https://vipreader.qidian.com/chapter/1018027842/536582585
dad0ad47ed8a4ed18b1d8a2fa94cca43,ec06d2280f0244f8ac5fb92ac0c63858,第245章 文明之火（求月票订阅）,https://vipreader.qidian.com/chapter/1018027842/536615978
dad0ad47ed8a4ed18b1d8a2fa94cca43,7543dbc317c0423cb12b60fece49aeb8,第246章 倒计时（万更求订阅月票）,https://vipreader.qidian.com/chapter/1018027842/536675100
dad0ad47ed8a4ed18b1d8a2fa94cca43,f35870bf1e5d4c25aaa9646d2238cc76, 第247章 不香了！（求订阅月票）,https://vipreader.qidian.com/chapter/1018027842/536748006
dad0ad47ed8a4ed18b1d8a2fa94cca43,28691d3375a745fba768568b8f8998a1,第248章 任务（求订阅月票）,https://vipreader.qidian.com/chapter/1018027842/536784851
dad0ad47ed8a4ed18b1d8a2fa94cca43,d8155ae4863a4dc489f39bc443b71591, 第249章 道别（万更求订阅）,https://vipreader.qidian.com/chapter/1018027842/536893298
dad0ad47ed8a4ed18b1d8a2fa94cca43,ebd0bf88452048ba8daf5d1ff4a989a1,第250章 南下（求订阅月票）,https://vipreader.qidian.com/chapter/1018027842/537060279
dad0ad47ed8a4ed18b1d8a2fa94cca43,74d84d38a68b448ea3e1eb9f15dc983a,第251章 当局者迷（求月票订阅）,https://vipreader.qidian.com/chapter/1018027842/537114469
dad0ad47ed8a4ed18b1d8a2fa94cca43,95b562e47b2745b6814498ac840d70aa,第252章 持续钓鱼（万更求订阅）,https://vipreader.qidian.com/chapter/1018027842/537195309
dad0ad47ed8a4ed18b1d8a2fa94cca43,6f5de28737fd43f69473b560d89042cf,第253章 山海现踪影（求月票订阅）,https://vipreader.qidian.com/chapter/1018027842/537274608
dad0ad47ed8a4ed18b1d8a2fa94cca43,e72147419f344aa49651c36113327fd3, 第254章 终至星落山（求订阅月票）,https://vipreader.qidian.com/chapter/1018027842/537327472
dad0ad47ed8a4ed18b1d8a2fa94cca43,ad19e50e059643838f08641f1391fd26,第255章 一层又一层（万更求订阅）,https://vipreader.qidian.com/chapter/1018027842/537381381
dad0ad47ed8a4ed18b1d8a2fa94cca43,46d900091c7e4c83a1f3500d2c567bc4,第256章 山海陨（求订阅）,https://vipreader.qidian.com/chapter/1018027842/537516134
dad0ad47ed8a4ed18b1d8a2fa94cca43,7729fb9e9f854b2685795d01d74e06ab, 第257章 斩凌云，日月现（求月票订阅）,https://vipreader.qidian.com/chapter/1018027842/537539077
dad0ad47ed8a4ed18b1d8a2fa94cca43,353c6c2c1277409e863fb8710747ad52,第258章 斩周平升（万更求订阅）,https://vipreader.qidian.com/chapter/1018027842/537568867
dad0ad47ed8a4ed18b1d8a2fa94cca43,2adc5acf00d94a5a863945b860e12441,第259章 老朱出手（求订阅）,https://vipreader.qidian.com/chapter/1018027842/537631418
dad0ad47ed8a4ed18b1d8a2fa94cca43,fbaf7061cc42439391a58101866458c1,第260章 终离大夏府（求订阅月票）,https://vipreader.qidian.com/chapter/1018027842/537655359
dad0ad47ed8a4ed18b1d8a2fa94cca43,d2fc8e5ee4aa491ea6c2883ed363e811,第261章 大夏风云（万更求订阅）,https://vipreader.qidian.com/chapter/1018027842/537692371
dad0ad47ed8a4ed18b1d8a2fa94cca43,ac50836cffea4c31a6c70ff91ccadfd6, 第262章 父子（求订阅）,https://vipreader.qidian.com/chapter/1018027842/537760231
dad0ad47ed8a4ed18b1d8a2fa94cca43,acfe68a052ee45e9aca6faf12e5c61e2,第263章 苏宇入府（求订阅）,https://vipreader.qidian.com/chapter/1018027842/537810577
dad0ad47ed8a4ed18b1d8a2fa94cca43,b8c5ff8953c242eeb0941a6497a25506,第264章 神奇的大明府（万更求订阅）,https://vipreader.qidian.com/chapter/1018027842/537855957
dad0ad47ed8a4ed18b1d8a2fa94cca43,3fa90f3a4fed46b6826aa2d35d2fa2fa,第265章 超级富翁（求订阅月票）,https://vipreader.qidian.com/chapter/1018027842/537934372
dad0ad47ed8a4ed18b1d8a2fa94cca43,88eae5a78e414e1489a3c1c1517a18a1,第266章 购买研究所（求订阅月票）,https://vipreader.qidian.com/chapter/1018027842/537987878
dad0ad47ed8a4ed18b1d8a2fa94cca43,12fc30edba8540fc9394903d44842f9d,晚上请假一章,https://vipreader.qidian.com/chapter/1018027842/537992745
dad0ad47ed8a4ed18b1d8a2fa94cca43,40a97b4a0d0d4354b53f1adb9a5b055b, 第267章 初入大明文明学府（求订阅）,https://vipreader.qidian.com/chapter/1018027842/538416903
dad0ad47ed8a4ed18b1d8a2fa94cca43,b8382b741470411aa3d4cb4e90ceb948,第268章 他乡来故知（求订阅）,https://vipreader.qidian.com/chapter/1018027842/538504092
dad0ad47ed8a4ed18b1d8a2fa94cca43,3d8fdc3718e34e1fb11c86b1a4619608,第269章 故人，试探（万更求订阅）,https://vipreader.qidian.com/chapter/1018027842/538594477
dad0ad47ed8a4ed18b1d8a2fa94cca43,48a46d9fe0804f17bc6667595716db9c,第270章 乱象渐显（求订阅月票）,https://vipreader.qidian.com/chapter/1018027842/538744839
dad0ad47ed8a4ed18b1d8a2fa94cca43,c160e6ec1e834ecca18183797d6fcb05,第271章 智慧之城（求订阅月票）,https://vipreader.qidian.com/chapter/1018027842/538797362
dad0ad47ed8a4ed18b1d8a2fa94cca43,ecb5a869550549dfaeeeeec5b9494498,第272章 余波（万更求订阅）,https://vipreader.qidian.com/chapter/1018027842/538868563
dad0ad47ed8a4ed18b1d8a2fa94cca43,89a0023b44914de7af04b57944a2fbd2,第273章 牛府长，真的牛！（求订阅月票）,https://vipreader.qidian.com/chapter/1018027842/538953464
dad0ad47ed8a4ed18b1d8a2fa94cca43,b0e2ab71fab3473484d540222cf30a8c,第274章 窍穴之秘（求订阅月票）,https://vipreader.qidian.com/chapter/1018027842/539000902
dad0ad47ed8a4ed18b1d8a2fa94cca43,baa517dc139a44c0b290e67fe3d99805,今晚10点更新,https://vipreader.qidian.com/chapter/1018027842/539030814
dad0ad47ed8a4ed18b1d8a2fa94cca43,b5be7076d205415b90924ac7aef93e71,第275章 我不入地狱谁入地狱！（万更求订阅）,https://vipreader.qidian.com/chapter/1018027842/539064356
dad0ad47ed8a4ed18b1d8a2fa94cca43,69b4909de8ca4a13a233303f7350caef,第276章 舆论（求订阅）,https://vipreader.qidian.com/chapter/1018027842/539117623
dad0ad47ed8a4ed18b1d8a2fa94cca43,3297b7207881497b95a9dc6f374610f7,第277章 威逼（求订阅月票）,https://vipreader.qidian.com/chapter/1018027842/539139793
dad0ad47ed8a4ed18b1d8a2fa94cca43,99a7c78dd8e249ce81b87469d7d805b6,第278章 隔空打牛（万更求订阅月票）,https://vipreader.qidian.com/chapter/1018027842/539168891
dad0ad47ed8a4ed18b1d8a2fa94cca43,560b2b3699ad456c82d9e3a2552ac0ac,第279章 招揽，密议（求订阅月票）,https://vipreader.qidian.com/chapter/1018027842/539231635
dad0ad47ed8a4ed18b1d8a2fa94cca43,f5c00dea6efc466caf11e81af5eda6e8,第280章 天天钓鱼（求订阅月票）,https://vipreader.qidian.com/chapter/1018027842/539254958
dad0ad47ed8a4ed18b1d8a2fa94cca43,aafe06b5e0f04da286621c0e2de8b654,第281章 360元窍（万更求月票）,https://vipreader.qidian.com/chapter/1018027842/539285220
dad0ad47ed8a4ed18b1d8a2fa94cca43,b13203c3bcd54935b36f237e5b07d4a1,求点月票,https://vipreader.qidian.com/chapter/1018027842/539293412
dad0ad47ed8a4ed18b1d8a2fa94cca43,c284709bd947478aab4b66829db0fe65, 第282章 史上最强万石（求订阅月票）,https://vipreader.qidian.com/chapter/1018027842/539354062
dad0ad47ed8a4ed18b1d8a2fa94cca43,88ccfff34bfc439984faab81b2d8aba4,第283章 再次感谢牛府长（求订阅月票）,https://vipreader.qidian.com/chapter/1018027842/539382541
dad0ad47ed8a4ed18b1d8a2fa94cca43,94ce002e21e94718be7ca57bafa17ad4,第284章 食铁兽，百道阁（万更求订阅月票）,https://vipreader.qidian.com/chapter/1018027842/539418415
dad0ad47ed8a4ed18b1d8a2fa94cca43,24f72635e03a4a1bbf9b87e15821178f,第285章 卡关（求月票）,https://vipreader.qidian.com/chapter/1018027842/539484328
dad0ad47ed8a4ed18b1d8a2fa94cca43,8151e724e0b3463e8928277ab8809249,第286章 180神窍，毛球晋级（求订阅月票）,https://vipreader.qidian.com/chapter/1018027842/539521441
dad0ad47ed8a4ed18b1d8a2fa94cca43,5fb066a402ee40d7a0b92464829ce9e5, 第287章 下次再来（万更求月票）,https://vipreader.qidian.com/chapter/1018027842/539577955
dad0ad47ed8a4ed18b1d8a2fa94cca43,8512b28cbd0942d38fff4773f4e234f4,第288章 天元气提取（求月票订阅）,https://vipreader.qidian.com/chapter/1018027842/539673754
dad0ad47ed8a4ed18b1d8a2fa94cca43,60a66823daee433aa60cc9d048c14114, 第289章 食铁七十二铸（求订阅月票）,https://vipreader.qidian.com/chapter/1018027842/539723784
dad0ad47ed8a4ed18b1d8a2fa94cca43,105f53e5ecf245aea9cbdbf3a0772cba,第290章 腾空在即（万更求订阅）,https://vipreader.qidian.com/chapter/1018027842/539786970
dad0ad47ed8a4ed18b1d8a2fa94cca43,1da59fddcbe04f12a19d6c5c20a9620c,第291章 超级感应玉（求月票订阅）,https://vipreader.qidian.com/chapter/1018027842/539847502
dad0ad47ed8a4ed18b1d8a2fa94cca43,453cd63d91d44ca3aab66d7ea37fdd7a,第292章 真亦假时假亦真（求月票订阅）,https://vipreader.qidian.com/chapter/1018027842/539904393
dad0ad47ed8a4ed18b1d8a2fa94cca43,e5f070c13dd343588e92ca64f7ddb4de,第293章 大戏渐开幕（万更求月票）,https://vipreader.qidian.com/chapter/1018027842/539963816
dad0ad47ed8a4ed18b1d8a2fa94cca43,2b24de4e2e6d4ce29c23ddd0a0f699a8, 第294章 异象初显（求月票）,https://vipreader.qidian.com/chapter/1018027842/540039618
dad0ad47ed8a4ed18b1d8a2fa94cca43,42ab131ab9ea4976a01698ae08909741,第295章 腾空（求订阅月票）,https://vipreader.qidian.com/chapter/1018027842/540086195
dad0ad47ed8a4ed18b1d8a2fa94cca43,dfbbca6baf474b1c83f79f9dfa936ee3, 第296章 一网打尽嫌不够（万更求月票）,https://vipreader.qidian.com/chapter/1018027842/540142864
dad0ad47ed8a4ed18b1d8a2fa94cca43,321ff5b5b7194d80a0ec81f533dccac1,第297章 升龙鼓四响（求月票）,https://vipreader.qidian.com/chapter/1018027842/540260468
dad0ad47ed8a4ed18b1d8a2fa94cca43,1f5142167ba64eba896032550d8422ed, 第298章 据理力争的老朱（求月票订阅）,https://vipreader.qidian.com/chapter/1018027842/540282924
dad0ad47ed8a4ed18b1d8a2fa94cca43,62039b9784a34871acbd8b739fb2c89e,第299章 我爹说了……（万更求订阅月票）,https://vipreader.qidian.com/chapter/1018027842/540310964
dad0ad47ed8a4ed18b1d8a2fa94cca43,2738d9a3285a403ea85e729160f2908e,第300章 安平之初（求月票订阅）,https://vipreader.qidian.com/chapter/1018027842/540378889
dad0ad47ed8a4ed18b1d8a2fa94cca43,6e936c2a890942bcbf631624832573bf,第301章 天下焦点只在夏（求月票订阅）,https://vipreader.qidian.com/chapter/1018027842/540403369
dad0ad47ed8a4ed18b1d8a2fa94cca43,5d31733727194d279017077f2e7d0c75,第302章 遗臭万年（万更求月票订阅）,https://vipreader.qidian.com/chapter/1018027842/540428832
dad0ad47ed8a4ed18b1d8a2fa94cca43,3ef0fa9095774a8fa5f5268192476d54, 5月，感谢大家！,https://vipreader.qidian.com/chapter/1018027842/540430751
dad0ad47ed8a4ed18b1d8a2fa94cca43,61537e6053514afaaab9c30acd522f0a,第303章 出气筒（求月票）,https://vipreader.qidian.com/chapter/1018027842/540498279
dad0ad47ed8a4ed18b1d8a2fa94cca43,66b790af5bdb49a9a5486745d176d337,第304章 洪谭出关（求月票订阅）,https://vipreader.qidian.com/chapter/1018027842/540533747
dad0ad47ed8a4ed18b1d8a2fa94cca43,415804fca6944a1ca85354d26ed5c78e,第305章 天才都是随便玩玩（万更求订阅）,https://vipreader.qidian.com/chapter/1018027842/540583769
dad0ad47ed8a4ed18b1d8a2fa94cca43,24233c5572024b27a71fe3b65849d4c5,第306章 阴阳双窍（求月票订阅）,https://vipreader.qidian.com/chapter/1018027842/540642381
dad0ad47ed8a4ed18b1d8a2fa94cca43,1671b4b0ecda4803872c263a7d8bbe3f, 第307章 仙族长寿之秘（求订阅月票）,https://vipreader.qidian.com/chapter/1018027842/540709355
dad0ad47ed8a4ed18b1d8a2fa94cca43,19512dbc172a457cb125d6de627a2547,第308章 诸天之变（万更求月票）,https://vipreader.qidian.com/chapter/1018027842/540775470
dad0ad47ed8a4ed18b1d8a2fa94cca43,306d0327c19d45b48d39746303724db2,第309章 变化之始（求月票订阅）,https://vipreader.qidian.com/chapter/1018027842/541060386
dad0ad47ed8a4ed18b1d8a2fa94cca43,1deb595a6a804ca0a8404633134c9add,第310章 白枫回归（求月票订阅）,https://vipreader.qidian.com/chapter/1018027842/541149718
dad0ad47ed8a4ed18b1d8a2fa94cca43,0d4a8322599c43969467afbfceae056b,第311章 单雄（万更求订阅月票）,https://vipreader.qidian.com/chapter/1018027842/541259001
dad0ad47ed8a4ed18b1d8a2fa94cca43,eef9b350cab04e5cba47acce96d55872, 第312章 神文战技碑，传承三阶火,https://vipreader.qidian.com/chapter/1018027842/541320625
dad0ad47ed8a4ed18b1d8a2fa94cca43,ec3b3cfe3be6405ca8d55af2d97df652,第313章 群英聚大明（求月票订阅）,https://vipreader.qidian.com/chapter/1018027842/541360287
dad0ad47ed8a4ed18b1d8a2fa94cca43,2b489c3f7e734565b4ed2f74cca6c295,第314章 回归礼（万更求订阅月票）,https://vipreader.qidian.com/chapter/1018027842/541436704
dad0ad47ed8a4ed18b1d8a2fa94cca43,33737a97cf1b4f0ab81823c3a45853d1,第315章 惨败（求订阅月票）,https://vipreader.qidian.com/chapter/1018027842/541496980
dad0ad47ed8a4ed18b1d8a2fa94cca43,648b457d1ddd40a6bf8d928161ebf41e,第316章 诛心之语（求月票订阅）,https://vipreader.qidian.com/chapter/1018027842/541518365
dad0ad47ed8a4ed18b1d8a2fa94cca43,a74743230b044bbf86679ec6c0524b1b,第317章 闹大发了！（万更求月票）,https://vipreader.qidian.com/chapter/1018027842/541541347
dad0ad47ed8a4ed18b1d8a2fa94cca43,4739ccb6eed34cd0b87e88161cf13632,第318章 暗流，谋划（求月票）,https://vipreader.qidian.com/chapter/1018027842/541602562
dad0ad47ed8a4ed18b1d8a2fa94cca43,fa6288a18f0f4dc3b6e8ac1715ec3ac9,第319章 玄阶铸兵师（求订阅月票）,https://vipreader.qidian.com/chapter/1018027842/541625175
dad0ad47ed8a4ed18b1d8a2fa94cca43,66f84c1a884b4f35a9d1f0c1d3c0fc43, 第320章 宅男想出门（万更求订阅月票）,https://vipreader.qidian.com/chapter/1018027842/541653439
dad0ad47ed8a4ed18b1d8a2fa94cca43,fc9ffd91984848eabe34a5e65ff3f84a,第321章 阳窍（求月票订阅）,https://vipreader.qidian.com/chapter/1018027842/541708245
dad0ad47ed8a4ed18b1d8a2fa94cca43,61028a7fe0ce4eed908fdc9a93b12675,第322章 万事俱备，不欠东风（求月票订阅）,https://vipreader.qidian.com/chapter/1018027842/541788009
dad0ad47ed8a4ed18b1d8a2fa94cca43,bfc81092ece848ee9951dec86237aa8d,第323章 离府（万更求订阅）,https://vipreader.qidian.com/chapter/1018027842/541880844
dad0ad47ed8a4ed18b1d8a2fa94cca43,5b124e6bb6d14a3a9ae1f31bc13ab8ea,第324章 暗杀（求月票订阅）,https://vipreader.qidian.com/chapter/1018027842/542148464
dad0ad47ed8a4ed18b1d8a2fa94cca43,b91bea1f17f344e4b06abd623987106e,第325章 不准备讲理了（求订阅月票）,https://vipreader.qidian.com/chapter/1018027842/542241903
dad0ad47ed8a4ed18b1d8a2fa94cca43,643e1e82d12e41788657b556e1b4f570,第326章 凶杀案（万更求订阅）,https://vipreader.qidian.com/chapter/1018027842/542310184
dad0ad47ed8a4ed18b1d8a2fa94cca43,6fea5c398fdc4f6b91e75a467c550f68,第327章 事了拂衣去（求月票订阅）,https://vipreader.qidian.com/chapter/1018027842/542446088
dad0ad47ed8a4ed18b1d8a2fa94cca43,a83f241112d647b1bd498238368a59d9,第328章 罪人（求月票订阅）,https://vipreader.qidian.com/chapter/1018027842/542527307
dad0ad47ed8a4ed18b1d8a2fa94cca43,e46be3ceb75b4bb499c4ce5c582b87a9,第329章 未来一角（万更求订阅）,https://vipreader.qidian.com/chapter/1018027842/542678833
dad0ad47ed8a4ed18b1d8a2fa94cca43,da7b17ff677e45e0beedecdd144500e8,第330章 我要铸兵（求订阅月票）,https://vipreader.qidian.com/chapter/1018027842/542845580
dad0ad47ed8a4ed18b1d8a2fa94cca43,40f7ba7f911a4db1ab8eccf1a563b6ff,第331章 回铸文兵（求订阅月票）,https://vipreader.qidian.com/chapter/1018027842/542924126
dad0ad47ed8a4ed18b1d8a2fa94cca43,8efbee58f80e4e15a99421862086623c,第332章 肉身九铸（万更求订阅）,https://vipreader.qidian.com/chapter/1018027842/543007910
dad0ad47ed8a4ed18b1d8a2fa94cca43,022abf638e8e41d9b191ed811044d43e,第333章 天地奖励，三锤之战（求订阅）,https://vipreader.qidian.com/chapter/1018027842/543133489
dad0ad47ed8a4ed18b1d8a2fa94cca43,9e1b6f344ae24652a5d171cebe8c3f63,第334章 种瓜得瓜种豆得豆（字有点多，来订阅啊）,https://vipreader.qidian.com/chapter/1018027842/543215143
dad0ad47ed8a4ed18b1d8a2fa94cca43,f8fa469962f24f4eaa40f7b890507738,第335章 混进了大佬圈（万更求订阅）,https://vipreader.qidian.com/chapter/1018027842/543333002
dad0ad47ed8a4ed18b1d8a2fa94cca43,0baf7f31063a4a2b9c057c1c0606016d,第336章 审讯（求月票订阅）,https://vipreader.qidian.com/chapter/1018027842/543591646
dad0ad47ed8a4ed18b1d8a2fa94cca43,946267ed014f41f6b82a10ef7ffcf6b8,第337章 唯恐天下不乱（求月票订阅）,https://vipreader.qidian.com/chapter/1018027842/543695422
dad0ad47ed8a4ed18b1d8a2fa94cca43,0bd28763a6424bd3a1a8a91105bb500f, 第338章 投票玄机（万更求订阅）,https://vipreader.qidian.com/chapter/1018027842/543743805
dad0ad47ed8a4ed18b1d8a2fa94cca43,39541a91d8774dc39558476e5024dd79, 第339章 风向标（求订阅）,https://vipreader.qidian.com/chapter/1018027842/543799402
dad0ad47ed8a4ed18b1d8a2fa94cca43,4960380bade147a8872f87c82476e87b,第340章 优秀的人瞒不住（求订阅月票）,https://vipreader.qidian.com/chapter/1018027842/543822822
dad0ad47ed8a4ed18b1d8a2fa94cca43,5af27b6e2e0e4c968a5ac5ec532db631,第341章 夏虎尤的请求（万更求订阅）,https://vipreader.qidian.com/chapter/1018027842/543851743
dad0ad47ed8a4ed18b1d8a2fa94cca43,538b1c54e3f347d88e48d0a6fd91dc2e,第342章 抱歉（求订阅月票）,https://vipreader.qidian.com/chapter/1018027842/543922549
dad0ad47ed8a4ed18b1d8a2fa94cca43,d30164139c1a434a98f458d91ced8f24,第343章 日月也得滚（求订阅月票）,https://vipreader.qidian.com/chapter/1018027842/544000709
dad0ad47ed8a4ed18b1d8a2fa94cca43,0318b8f6a1264f35a30f934b1b8f3dd4, 第344章 崔浪之浪（万更求订阅）,https://vipreader.qidian.com/chapter/1018027842/544054218
dad0ad47ed8a4ed18b1d8a2fa94cca43,b1cf550b1683434db5d952b86ae04b66,第345章 赶路中（求订阅）,https://vipreader.qidian.com/chapter/1018027842/544116777
dad0ad47ed8a4ed18b1d8a2fa94cca43,3e577767a36644f396b1cce6965ef3c2,第346章 车到山前必有路（求订阅月票）,https://vipreader.qidian.com/chapter/1018027842/544186646
dad0ad47ed8a4ed18b1d8a2fa94cca43,0c723265fdc34f739bfe56ca32d35d40, 第347章 第一次离开人境（万更求订阅）,https://vipreader.qidian.com/chapter/1018027842/544225597
dad0ad47ed8a4ed18b1d8a2fa94cca43,21034073d15c4aeb9627d14db89eb00f,第348章 东离城,https://vipreader.qidian.com/chapter/1018027842/544305307
dad0ad47ed8a4ed18b1d8a2fa94cca43,8992efb8bd80427dae43967f8e4bd0b2,第349章 父子再相逢（求订阅月票）,https://vipreader.qidian.com/chapter/1018027842/544380104
dad0ad47ed8a4ed18b1d8a2fa94cca43,49824a2c67784245b69bc3aca1ff02e2,第350章 父慈子孝（万更求订阅）,https://vipreader.qidian.com/chapter/1018027842/544442259
dad0ad47ed8a4ed18b1d8a2fa94cca43,ea1ffa42723f48b4a4bb70b60b06a2f8, 第351章 再别离（求订阅）,https://vipreader.qidian.com/chapter/1018027842/544601296
dad0ad47ed8a4ed18b1d8a2fa94cca43,477e430f8ff94a48b749b7f31df8b69b, 第352章 开门红（求订阅）,https://vipreader.qidian.com/chapter/1018027842/544647025
dad0ad47ed8a4ed18b1d8a2fa94cca43,7bec9258e2f2405ca8e3aa69e5d5518b,第353章 狼入虎口（万更求订阅）,https://vipreader.qidian.com/chapter/1018027842/544725075
dad0ad47ed8a4ed18b1d8a2fa94cca43,4720887cf8ea481d81b9e2eaa21eb4ea,第354章 先锋军（求订阅）,https://vipreader.qidian.com/chapter/1018027842/544824974
dad0ad47ed8a4ed18b1d8a2fa94cca43,bce6c5d5a8f24d72ac51b167fec6f0be,第355章 物是人非（求订阅）,https://vipreader.qidian.com/chapter/1018027842/544887281
dad0ad47ed8a4ed18b1d8a2fa94cca43,594fe7e3c89d4a5c9ecbd8f9f38f1abf,第356章 小心眼（求订阅）,https://vipreader.qidian.com/chapter/1018027842/545127077
dad0ad47ed8a4ed18b1d8a2fa94cca43,3105a52d6e4f4f7788268b60ded0e3b2,第357章 大明府崔浪（求订阅）,https://vipreader.qidian.com/chapter/1018027842/545150222
dad0ad47ed8a4ed18b1d8a2fa94cca43,310be04083634d47a3c0384dd5cb1489, 第358章 群雄聚天断（万更求订阅）,https://vipreader.qidian.com/chapter/1018027842/545178094
dad0ad47ed8a4ed18b1d8a2fa94cca43,2ee4371ae2fe491988c60635c5ad45fd,第359章 搅屎棍（求订阅）,https://vipreader.qidian.com/chapter/1018027842/545256267
dad0ad47ed8a4ed18b1d8a2fa94cca43,6bfe22ea6c8f4cae94d0db049702e346,第360章 杀红铠惊四方（求订阅）,https://vipreader.qidian.com/chapter/1018027842/545283383
dad0ad47ed8a4ed18b1d8a2fa94cca43,15ca6f53d06243d393643c86451d8256, 第361章 铸个身再说（万更求订阅）,https://vipreader.qidian.com/chapter/1018027842/545333747
dad0ad47ed8a4ed18b1d8a2fa94cca43,a3f2057521f542aca9a64e2aca96adfb,第362章 我在想你（求订阅）,https://vipreader.qidian.com/chapter/1018027842/545395480
dad0ad47ed8a4ed18b1d8a2fa94cca43,15c7a37f2e994a889098ac2a34fc053c,第363章 冲榜小能手（求订阅）,https://vipreader.qidian.com/chapter/1018027842/545468992
dad0ad47ed8a4ed18b1d8a2fa94cca43,6632768c10e847949bc309479bc797c8,第364章 浪到地榜（万更求订阅）,https://vipreader.qidian.com/chapter/1018027842/545523387
dad0ad47ed8a4ed18b1d8a2fa94cca43,0877cbd717cc465288a450ee3d2dc9dd,第365章 神文晋级，山海之力（求订阅）,https://vipreader.qidian.com/chapter/1018027842/545593467
dad0ad47ed8a4ed18b1d8a2fa94cca43,9c3020a25cf0494d9bd1992c5e505140,第366章 杀雷绝，继续跑（求订阅）,https://vipreader.qidian.com/chapter/1018027842/545645517
dad0ad47ed8a4ed18b1d8a2fa94cca43,4abc624f790945e0ae952e9d26170a42, 第367章 苏宇之名（万更求订阅）,https://vipreader.qidian.com/chapter/1018027842/545736399
dad0ad47ed8a4ed18b1d8a2fa94cca43,f4ecace692d14f29b4acedfa8cea5b1d,第368章 古城门前入天榜（求订阅）,https://vipreader.qidian.com/chapter/1018027842/545802553
dad0ad47ed8a4ed18b1d8a2fa94cca43,928543d91e004b41a21ff3fe73f7f297,第369章 随便杀个山海玩玩（求订阅）,https://vipreader.qidian.com/chapter/1018027842/545824808
dad0ad47ed8a4ed18b1d8a2fa94cca43,659aa6c1690c4af9b88ae704a6e14f46,第370章 强者崛起（端午安康，万更求订阅）,https://vipreader.qidian.com/chapter/1018027842/545867805
dad0ad47ed8a4ed18b1d8a2fa94cca43,934d9a86ee2d40a4910de846b5472558,第371章 古城惊魂（求订阅）,https://vipreader.qidian.com/chapter/1018027842/545947103
dad0ad47ed8a4ed18b1d8a2fa94cca43,3775f16c6016499a80f1a5aea0526f5c,第372章 仙踪魔影（求订阅）,https://vipreader.qidian.com/chapter/1018027842/545970872
dad0ad47ed8a4ed18b1d8a2fa94cca43,348b69d3b13244dca7eb9208a6b7cfa5,第373章 各有谋算（万更求订阅）,https://vipreader.qidian.com/chapter/1018027842/546000170
dad0ad47ed8a4ed18b1d8a2fa94cca43,1e7ca5d9fcff4619981de90bcfbe8444, 第374章 杀戮之始（求订阅）,https://vipreader.qidian.com/chapter/1018027842/546064810
dad0ad47ed8a4ed18b1d8a2fa94cca43,9c2b40f5f7b944dba6985d3c22498146,第375章 疯子（求订阅）,https://vipreader.qidian.com/chapter/1018027842/546094865
dad0ad47ed8a4ed18b1d8a2fa94cca43,551a91d3024040c09d6edfe3243fd5ad,第376章 天榜11，苏宇！（万更求订阅）,https://vipreader.qidian.com/chapter/1018027842/546120728
dad0ad47ed8a4ed18b1d8a2fa94cca43,245ce74270ef45f09e1ce261cf21ff5b,第377章 总算被堵住了（求订阅）,https://vipreader.qidian.com/chapter/1018027842/546196284
dad0ad47ed8a4ed18b1d8a2fa94cca43,ddd8d58005874252a31ca942450c2cd0,第378章 苏宇的杀手锏（求订阅）,https://vipreader.qidian.com/chapter/1018027842/546271221
dad0ad47ed8a4ed18b1d8a2fa94cca43,acebc52edb9944d3a0b3f6646152199c, 第379章 自救之法，混出古屋（万更求订阅）,https://vipreader.qidian.com/chapter/1018027842/546357042
dad0ad47ed8a4ed18b1d8a2fa94cca43,2d4c95d10d864549870a9508f3460f92,第380章 死的不明不白（求订阅）,https://vipreader.qidian.com/chapter/1018027842/546469429
dad0ad47ed8a4ed18b1d8a2fa94cca43,e1a60b671d76498aa1358d34a495f3b1,第381章 苏宇要你三更死（求订阅）,https://vipreader.qidian.com/chapter/1018027842/546511288
dad0ad47ed8a4ed18b1d8a2fa94cca43,c3e8651853834fd0b21ae217ebf33621,第382章 死城（万更求订阅）,https://vipreader.qidian.com/chapter/1018027842/546576906
dad0ad47ed8a4ed18b1d8a2fa94cca43,c616422fb5744ca3b63f01da901fc392,第383章 跨越时空的交流（求订阅）,https://vipreader.qidian.com/chapter/1018027842/546638124
dad0ad47ed8a4ed18b1d8a2fa94cca43,360272fb82584a898e9a674cf88bde70,第384章 你的眉头有些紧（最后一天求月票）,https://vipreader.qidian.com/chapter/1018027842/546678938
dad0ad47ed8a4ed18b1d8a2fa94cca43,6f152d87844c448e870ebcee5a770d0c, 第385章 我明悟了！（感谢糖果味小姐姐白银打赏）,https://vipreader.qidian.com/chapter/1018027842/546727705
dad0ad47ed8a4ed18b1d8a2fa94cca43,322b18c5d34a41369660979d78d8cdaa,6月结束汇报一下情况,https://vipreader.qidian.com/chapter/1018027842/546730959
dad0ad47ed8a4ed18b1d8a2fa94cca43,a855771c4bee47ada4abff1950bfe570,第386章 瓮中之鳖（月初求月票）,https://vipreader.qidian.com/chapter/1018027842/546814978
